X,Y,t_id,name_nummer,art,typ,symbolori,hoehe,einbaujahr,eigentuemer,versorgungsdruck,fliessdruck,druckzone,druckzone_bemerkung,art_code,lagebestimmung,lagebestimmung_code,zustand,icon_url
7.59108197202494,46.2112288203855,"1","201",borne hydrant une sortie,,100,1283.62,"1970",inconnue,10.4,0,Ayer,EP_Z_1,"1",précis,"0",unbekannt/inconnue,./0.png
7.58339855779263,46.1980586122089,"2","813",borne hydrant une sortie,,100,0,"2014",inconnue,5,0,St-Jean,EP_Z_6,"1",inconnue,"1",unbekannt/inconnue,./0.png
7.58293905462216,46.1980861723264,"3","814",borne hydrant une sortie,,339.1,0,"1989",inconnue,4,0,St-Jean,EP_Z_6,"1",précis,"0",unbekannt/inconnue,./0.png
7.58383562747749,46.1971036457827,"4","812",borne hydrant une sortie,,100,0,"1989",inconnue,6.5,0,St-Jean,EP_Z_6,"1",inconnue,"1",unbekannt/inconnue,./0.png
7.58336143623459,46.1965513757232,"5","811",borne hydrant une sortie,,100,0,"1970",inconnue,6.5,0,St-Jean,EP_Z_6,"1",inconnue,"1",unbekannt/inconnue,./0.png
7.58434926056236,46.1971258512265,"6","815",borne hydrant une sortie,,100,0,"1970",inconnue,7,0,St-Jean,EP_Z_6,"1",inconnue,"1",unbekannt/inconnue,./0.png
7.58579206116737,46.19711518944,"7","807",borne hydrant une sortie,,377.4,0,"1970",inconnue,5.5,0,St-Jean,EP_Z_6,"1",précis,"0",unbekannt/inconnue,./0.png
7.58561711203385,46.1966596713851,"8","808",borne hydrant une sortie,,100,0,"2013",inconnue,7.5,0,St-Jean,EP_Z_6,"1",inconnue,"1",unbekannt/inconnue,./0.png
7.58626004135912,46.1967387102208,"9","803",borne hydrant une sortie,,100,0,"1900",inconnue,0,0,St-Jean,EP_Z_6,"1",précis,"0",unbekannt/inconnue,./0.png
7.58628845659233,46.1956688275931,"10","804",borne hydrant une sortie,,100,0,"1970",inconnue,9,0,St-Jean,EP_Z_6,"1",inconnue,"1",unbekannt/inconnue,./0.png
7.5847433571883,46.1954459701927,"11","809",borne hydrant une sortie,,90.3,0,"1970",inconnue,9,0,St-Jean,EP_Z_6,"1",précis,"0",unbekannt/inconnue,./0.png
7.58545225301408,46.2163332450955,"12","109",borne hydrant une sortie,,140.7,50,"2002",inconnue,11,0,Vissoie,EP_Z_7,"1",inconnue,"1",unbekannt/inconnue,./0.png
7.5870933264591,46.2150891638031,"13","107",borne hydrant une sortie,,100,50,"1970",inconnue,8,0,Vissoie,EP_Z_7,"1",inconnue,"1",unbekannt/inconnue,./0.png
7.58631271869033,46.2181317342473,"14","116",borne hydrant une sortie,,100,50,"2002",inconnue,5.5,0,Vissoie,EP_Z_7,"1",inconnue,"1",unbekannt/inconnue,./0.png
7.58148434226397,46.221131861821,"15","121",borne hydrant une sortie,,100,50,"1970",inconnue,15,0,Vissoie,EP_Z_7,"1",inconnue,"1",unbekannt/inconnue,./0.png
7.58386288509702,46.2179305669428,"16","123",borne hydrant une sortie,,100,50,"1970",inconnue,14,0,Vissoie,EP_Z_7,"1",inconnue,"1",unbekannt/inconnue,./0.png
7.58326903778104,46.2184342685488,"17","122",borne hydrant une sortie,,100,50,"1970",inconnue,15,0,Vissoie,EP_Z_7,"1",inconnue,"1",unbekannt/inconnue,./0.png
7.5850598822816,46.2190694821668,"18","118",borne hydrant une sortie,,100,50,"2002",inconnue,0,0,Vissoie,EP_Z_7,"1",inconnue,"1",unbekannt/inconnue,./0.png
7.5856849879832,46.2193599577872,"19","117",borne hydrant une sortie,,100,50,"1970",inconnue,3.6,0,Vissoie,EP_Z_7,"1",inconnue,"1",unbekannt/inconnue,./0.png
7.58439765717929,46.2206545438175,"20","119",borne hydrant une sortie,,100,50,"2002",inconnue,5.6,0,Vissoie,EP_Z_7,"1",précis,"0",unbekannt/inconnue,./0.png
7.58381245775352,46.2218296160917,"21","120",borne hydrant une sortie,,100,50,"2002",inconnue,6,0,Vissoie,EP_Z_7,"1",inconnue,"1",unbekannt/inconnue,./0.png
7.58560428932553,46.1966708679381,"22",,bouche arrosage,,100,0,"2013",inconnue,0,0,St-Jean,EP_Z_6,"10",inconnue,"1",unbekannt/inconnue,./0.png
7.60006612078502,46.1828505035852,"23","325",borne hydrant une sortie,,100,1480.21,"1989",inconnue,11.8,0,Ayer,EP_Z_1,"1",inconnue,"1",unbekannt/inconnue,./0.png
7.62631834488718,46.1351210400641,"24","417",borne hydrant une sortie,,100,1672.81,"1900",inconnue,10.6,0,Zinal,EP_Z_8,"1",précis,"0",unbekannt/inconnue,./0.png
7.58996825946288,46.2175319913447,"25","127",borne hydrant une sortie,,100,50,"1970",inconnue,9,0,Vissoie,EP_Z_7,"1",inconnue,"1",unbekannt/inconnue,./0.png
7.58968637441204,46.2150047966035,"26","112",borne hydrant une sortie,,100,50,"1970",inconnue,6,0,Vissoie,EP_Z_7,"1",inconnue,"1",unbekannt/inconnue,./0.png
7.58831025592072,46.2149711086519,"27","111",borne hydrant une sortie,,100,50,"1935",inconnue,6.4,0,Vissoie,EP_Z_7,"1",inconnue,"1",unbekannt/inconnue,./0.png
7.58748061837193,46.2173341806068,"28","115",borne hydrant une sortie,,100,50,"1930",inconnue,3,0,Vissoie,EP_Z_7,"1",inconnue,"1",unbekannt/inconnue,./0.png
7.58556297377735,46.2141565604003,"29","125",borne hydrant une sortie,,100,50,"1970",inconnue,9.8,0,Vissoie,EP_Z_7,"1",inconnue,"1",unbekannt/inconnue,./0.png
7.58691206395443,46.2157916040765,"30","110",borne hydrant une sortie,,100,50,"2002",inconnue,8.6,0,Vissoie,EP_Z_7,"1",inconnue,"1",unbekannt/inconnue,./0.png
7.58703597079543,46.213982710201,"31","102",borne hydrant une sortie,,234.9,50,"2002",inconnue,0,0,Vissoie,EP_Z_7,"1",inconnue,"1",unbekannt/inconnue,./0.png
7.58504914059766,46.2148265195403,"32","103",borne hydrant une sortie,,100,50,"1970",inconnue,6,0,Vissoie,EP_Z_7,"1",inconnue,"1",unbekannt/inconnue,./0.png
7.58412473940259,46.216284466904,"33","124",borne hydrant une sortie,,266.1,50,"1970",inconnue,12,0,Vissoie,EP_Z_7,"1",précis,"0",unbekannt/inconnue,./0.png
7.5852696461571,46.2151639304979,"34","105",borne hydrant une sortie,,100,50,"1935",inconnue,10,0,Vissoie,EP_Z_7,"1",inconnue,"1",unbekannt/inconnue,./0.png
7.58589437290871,46.21448844632,"35","104",borne hydrant une sortie,,100,50,"2014",inconnue,9.6,0,Vissoie,EP_Z_7,"1",inconnue,"1",unbekannt/inconnue,./0.png
7.58699659343652,46.2145965136746,"36","106",borne hydrant une sortie,,100,50,"2013",inconnue,9,0,Vissoie,EP_Z_7,"1",inconnue,"1",unbekannt/inconnue,./0.png
7.58612301925598,46.2154589773247,"37","108",borne hydrant une sortie,,100,50,"1900",inconnue,9.4,0,Vissoie,EP_Z_7,"1",inconnue,"1",unbekannt/inconnue,./0.png
7.58690768997197,46.1949754929811,"38","806",bouche arrosage,,100,0,"1900",inconnue,0,0,St-Jean,EP_Z_6,"10",inconnue,"1",unbekannt/inconnue,./0.png
7.58619152068017,46.1946069201541,"39","119",bouche arrosage,,100,0,"1900",inconnue,0,0,St-Jean,EP_Z_6,"10",inconnue,"1",unbekannt/inconnue,./0.png
7.58656393653733,46.2511270125996,"40","619",borne hydrant une sortie,,100,0,"1989",inconnue,13.5,0,Chandolin,EP_Z_2,"1",précis,"0",unbekannt/inconnue,./0.png
7.58781728392948,46.2518780774274,"41","618",borne hydrant une sortie,,100,0,"2001",inconnue,8.2,0,Chandolin,EP_Z_2,"1",inconnue,"1",unbekannt/inconnue,./0.png
7.58875752333953,46.252577349323,"42","621",borne hydrant une sortie,,100,0,"1989",inconnue,11.2,0,Chandolin,EP_Z_2,"1",inconnue,"1",unbekannt/inconnue,./0.png
7.58896548354295,46.2535311189393,"43","1",borne hydrant une sortie,,100,0,"1900",inconnue,0,0,Chandolin,EP_Z_2,"1",précis,"0",unbekannt/inconnue,./0.png
7.59086380892997,46.2536242475391,"44","602",borne hydrant une sortie,,100,0,"1970",inconnue,10.9,0,Chandolin,EP_Z_2,"1",inconnue,"1",unbekannt/inconnue,./0.png
7.59347210406336,46.2525368761317,"45","603",borne hydrant une sortie,,100,0,"1970",inconnue,9.3,0,Chandolin,EP_Z_2,"1",inconnue,"1",unbekannt/inconnue,./0.png
7.59352850424539,46.2518489813669,"46","612",borne hydrant une sortie,,100,0,"1989",inconnue,5.4,0,Chandolin,EP_Z_2,"1",inconnue,"1",unbekannt/inconnue,./0.png
7.59215145310726,46.2518197214891,"47","614",borne hydrant une sortie,,224,0,"2001",inconnue,5.4,0,Chandolin,EP_Z_2,"1",inconnue,"1",unbekannt/inconnue,./0.png
7.59248144817355,46.2518688907973,"48","613",borne hydrant une sortie,,361.7,0,"2001",inconnue,5.4,0,Chandolin,EP_Z_2,"1",inconnue,"1",unbekannt/inconnue,./0.png
7.59157809367191,46.2519783426045,"49","15",borne hydrant une sortie,,100,0,"1900",inconnue,0,0,Chandolin,EP_Z_2,"1",inconnue,"1",unbekannt/inconnue,./0.png
7.5911663302736,46.25221967584,"50","616",borne hydrant une sortie,,65.6,0,"1989",inconnue,5.5,0,Chandolin,EP_Z_2,"1",inconnue,"1",unbekannt/inconnue,./0.png
7.59027553750695,46.2523785065466,"51","617",borne hydrant une sortie,,379.6,0,"1989",inconnue,7.5,0,Chandolin,EP_Z_2,"1",inconnue,"1",unbekannt/inconnue,./0.png
7.59424233257607,46.2529202457889,"52","604",borne hydrant une sortie,,100,0,"1970",inconnue,5,0,Chandolin,EP_Z_2,"1",inconnue,"1",unbekannt/inconnue,./0.png
7.59526514371624,46.2512243469278,"53","611",borne hydrant une sortie,,100,0,"1970",inconnue,7.5,0,Chandolin,EP_Z_2,"1",inconnue,"1",unbekannt/inconnue,./0.png
7.5966692404561,46.2519213897108,"54","610",borne hydrant une sortie,,100,0,"1989",inconnue,8.8,0,Chandolin,EP_Z_2,"1",inconnue,"1",unbekannt/inconnue,./0.png
7.59604115240836,46.2527701061813,"55","605",borne hydrant une sortie,,100,0,"1989",inconnue,6.5,0,Chandolin,EP_Z_2,"1",inconnue,"1",unbekannt/inconnue,./0.png
7.5980961213821,46.2520828592569,"56","606",borne hydrant une sortie,,100,0,"1930",inconnue,7.4,0,Chandolin,EP_Z_2,"1",inconnue,"1",unbekannt/inconnue,./0.png
7.5974328574771,46.2505860106929,"57","609",borne hydrant une sortie,,100,0,"1970",inconnue,11,0,Chandolin,EP_Z_2,"1",inconnue,"1",unbekannt/inconnue,./0.png
7.59986417456928,46.2511336330433,"58","608",borne hydrant une sortie,,100,0,"1970",inconnue,9.2,0,Chandolin,EP_Z_2,"1",inconnue,"1",unbekannt/inconnue,./0.png
7.60112308803707,46.2515022740192,"59","607",borne hydrant une sortie,,100,0,"1970",inconnue,6.2,0,Chandolin,EP_Z_2,"1",inconnue,"1",unbekannt/inconnue,./0.png
7.60426755801329,46.2479609472912,"60","623",borne hydrant une sortie,,100,0,"1970",inconnue,14.4,0,Chandolin,EP_Z_2,"1",inconnue,"1",unbekannt/inconnue,./0.png
7.58620116166459,46.1945613781632,"62","120",bouche arrosage,,100,0,"1900",inconnue,0,0,St-Jean,EP_Z_6,"10",inconnue,"1",unbekannt/inconnue,./0.png
7.58667085872932,46.194231343987,"63",,bouche arrosage,,100,0,"1900",inconnue,0,0,St-Jean,EP_Z_6,"10",inconnue,"1",unbekannt/inconnue,./0.png
7.58302336090732,46.1978444024167,"66","124",bouche arrosage,,100,0,"1900",inconnue,0,0,St-Jean,EP_Z_6,"10",inconnue,"1",unbekannt/inconnue,./0.png
7.58172867329179,46.1975456368534,"67","125",bouche arrosage,,100,0,"1900",inconnue,0,0,St-Jean,EP_Z_6,"10",inconnue,"1",unbekannt/inconnue,./0.png
7.58380371009833,46.1970969769639,"68",,bouche arrosage,,100,0,"1989",inconnue,6.5,0,St-Jean,EP_Z_6,"10",inconnue,"1",unbekannt/inconnue,./0.png
7.58347049314965,46.1960826264066,"69","127",bouche arrosage,,100,0,"1900",inconnue,0,0,St-Jean,EP_Z_6,"10",inconnue,"1",unbekannt/inconnue,./0.png
7.58396231750323,46.196297662626,"70","128",bouche arrosage,,100,0,"1900",inconnue,0,0,St-Jean,EP_Z_6,"10",inconnue,"1",unbekannt/inconnue,./0.png
7.58448350242195,46.1972255993788,"71","129",bouche arrosage,,100,0,"1900",inconnue,0,0,St-Jean,EP_Z_6,"10",inconnue,"1",unbekannt/inconnue,./0.png
7.58468473303276,46.1971415683251,"72","130",bouche arrosage,,100,0,"1900",inconnue,0,0,St-Jean,EP_Z_6,"10",inconnue,"1",unbekannt/inconnue,./0.png
7.58640452255159,46.1961540174681,"73","131",bouche arrosage,,100,0,"1900",inconnue,0,0,St-Jean,EP_Z_6,"10",inconnue,"1",unbekannt/inconnue,./0.png
7.58563292876286,46.1961609346757,"74","132",bouche arrosage,,100,0,"1900",inconnue,0,0,St-Jean,EP_Z_6,"10",inconnue,"1",unbekannt/inconnue,./0.png
7.58486212514918,46.1954354317795,"75","133",bouche arrosage,,100,0,"1900",inconnue,0,0,St-Jean,EP_Z_6,"10",inconnue,"1",unbekannt/inconnue,./0.png
7.58854427656164,46.2167719251718,"76","134",bouche arrosage,,100,50,"1900",inconnue,0,0,Vissoie,EP_Z_7,"10",inconnue,"1",unbekannt/inconnue,./0.png
7.5872386743044,46.2181787152807,"77","135",bouche arrosage,,304.8,50,"1900",inconnue,0,0,Vissoie,EP_Z_7,"10",inconnue,"1",unbekannt/inconnue,./0.png
7.58630693376276,46.2183152867738,"78","136",bouche arrosage,,100,50,"1900",inconnue,0,0,Vissoie,EP_Z_7,"10",inconnue,"1",unbekannt/inconnue,./0.png
7.58450880272882,46.219430292604,"79","137",bouche arrosage,,100,50,"1900",inconnue,0,0,Vissoie,EP_Z_7,"10",inconnue,"1",unbekannt/inconnue,./0.png
7.58457172216938,46.219536994609,"80","138",bouche arrosage,,100,50,"1900",inconnue,0,0,Vissoie,EP_Z_7,"10",inconnue,"1",unbekannt/inconnue,./0.png
7.58448523339502,46.2196436629924,"81","139",bouche arrosage,,100,50,"1900",inconnue,0,0,Vissoie,EP_Z_7,"10",inconnue,"1",unbekannt/inconnue,./0.png
7.58474602343579,46.2168528441138,"82","140",bouche arrosage,,100,50,"1900",inconnue,0,0,Vissoie,EP_Z_7,"10",inconnue,"1",unbekannt/inconnue,./0.png
7.58541641546158,46.2178580310638,"83","141",bouche arrosage,,100,50,"1900",inconnue,0,0,Vissoie,EP_Z_7,"10",inconnue,"1",unbekannt/inconnue,./0.png
7.58486650784625,46.2139181580776,"84","142",bouche arrosage,,100,50,"1900",inconnue,0,0,Vissoie,EP_Z_7,"10",inconnue,"1",unbekannt/inconnue,./0.png
7.58655246789309,46.2160932073449,"85","143",bouche arrosage,,100,50,"1900",inconnue,0,0,Vissoie,EP_Z_7,"10",inconnue,"1",unbekannt/inconnue,./0.png
7.62940945730894,46.1335779861415,"86","422",borne hydrant une sortie,,100,1701.38,"1900",inconnue,8,0,Ayer,EP_Z_1,"1",précis,"0",unbekannt/inconnue,./0.png
7.6316246055505,46.1337856041261,"87","423",borne hydrant une sortie,,100,1739.34,"1900",inconnue,12.8,0,Ayer,EP_Z_1,"1",précis,"0",unbekannt/inconnue,./0.png
7.6335833754367,46.1320945911736,"88","427",borne hydrant une sortie,,100,1760.68,"1900",inconnue,3,0,Ayer,EP_Z_1,"1",précis,"0",unbekannt/inconnue,./0.png
7.63258123140534,46.1314169417787,"89","426",borne hydrant une sortie,,100,1730.56,"1900",inconnue,6,0,Ayer,EP_Z_1,"1",précis,"0",unbekannt/inconnue,./0.png
7.63131361538951,46.130541751319,"90","425",borne hydrant une sortie,,113.5,1702.35,"1900",inconnue,9,0,Zinal,EP_Z_8,"1",précis,"0",unbekannt/inconnue,./0.png
7.62982186471575,46.1300559361717,"91","424",borne hydrant une sortie,,60.5,1684.21,"1900",inconnue,10.4,0,Zinal,EP_Z_8,"1",précis,"0",unbekannt/inconnue,./0.png
7.62827073368018,46.1319180732519,"92","421",borne hydrant une sortie,,100,1681.29,"1900",inconnue,10,0,Ayer,EP_Z_1,"1",précis,"0",unbekannt/inconnue,./0.png
7.62666322554176,46.1329473716681,"93","420",borne hydrant une sortie,,100,1665.75,"1900",inconnue,0,0,Ayer,EP_Z_1,"1",précis,"0",unbekannt/inconnue,./0.png
7.62719906963494,46.1336131882412,"94","419",borne hydrant une sortie,,100,1675.7,"1900",inconnue,10.2,0,Ayer,EP_Z_1,"1",précis,"0",unbekannt/inconnue,./0.png
7.62590147436019,46.1367529211598,"95","414",borne hydrant une sortie,,100,0,"1900",inconnue,10.2,0,Ayer,EP_Z_1,"1",précis,"0",unbekannt/inconnue,./0.png
7.62695643368252,46.1360866295452,"96","415",borne hydrant une sortie,,100,0,"1900",inconnue,10,0,Ayer,EP_Z_1,"1",précis,"0",unbekannt/inconnue,./0.png
7.62940718886669,46.1361330299244,"97","412",borne hydrant une sortie,,100,1710.55,"1900",inconnue,7.4,0,Zinal,EP_Z_8,"1",précis,"0",unbekannt/inconnue,./0.png
7.62891278086708,46.1369129141954,"98","409",borne hydrant une sortie,,100,1704.2,"1900",inconnue,8.2,0,Ayer,EP_Z_1,"1",précis,"0",unbekannt/inconnue,./0.png
7.6293294422173,46.1373279084237,"99","410",borne hydrant une sortie,,100,1711.91,"1900",inconnue,7.4,0,Ayer,EP_Z_1,"1",précis,"0",unbekannt/inconnue,./0.png
7.62968160290548,46.1376982478997,"100","411",borne hydrant une sortie,,100,1719.36,"1900",inconnue,6.7,0,Ayer,EP_Z_1,"1",précis,"0",unbekannt/inconnue,./0.png
7.63086295292034,46.1376526576018,"101","413",borne hydrant une sortie,,100,1764.85,"1900",inconnue,3,0,Ayer,EP_Z_1,"1",précis,"0",unbekannt/inconnue,./0.png
7.62553885464044,46.1380707449303,"102","408",borne hydrant une sortie,,100,1677.66,"1900",inconnue,9.8,0,Ayer,EP_Z_1,"1",précis,"0",unbekannt/inconnue,./0.png
7.6249046868876,46.1412798574966,"103","407",borne hydrant une sortie,,100,0,"1900",inconnue,4.4,0,Ayer,EP_Z_1,"1",précis,"0",unbekannt/inconnue,./0.png
7.62545919627219,46.1441714703177,"104","406",borne hydrant une sortie,,100,1624.67,"1900",inconnue,7,0,Ayer,EP_Z_1,"1",précis,"0",unbekannt/inconnue,./0.png
7.62484774580477,46.1457635426984,"105","405",borne hydrant une sortie,,100,1610.36,"1900",inconnue,9.2,0,Ayer,EP_Z_1,"1",précis,"0",unbekannt/inconnue,./0.png
7.62349430641804,46.1491297005089,"106","404",borne hydrant une sortie,,100,1568.06,"1900",inconnue,12.8,0,Ayer,EP_Z_1,"1",précis,"0",unbekannt/inconnue,./0.png
7.62020554085795,46.1524492326339,"107","403",borne hydrant une sortie,,100,0,"1900",inconnue,8,0,Ayer,EP_Z_1,"1",précis,"0",unbekannt/inconnue,./0.png
7.61978859318217,46.1536701058925,"108","402",borne hydrant une sortie,,100,0,"1900",inconnue,12,0,Ayer,EP_Z_1,"1",précis,"0",unbekannt/inconnue,./0.png
7.61939713868011,46.1558474529033,"109","401",borne hydrant une sortie,,100,1559.2,"1900",inconnue,5.8,0,Ayer,EP_Z_1,"1",précis,"0",unbekannt/inconnue,./0.png
7.60664683732058,46.1739685268468,"110","308",borne hydrant une sortie,,100,1475.38,"1970",inconnue,4.4,0,Ayer,EP_Z_1,"1",précis,"0",unbekannt/inconnue,./0.png
7.60407365179636,46.1770242959201,"111","307",borne hydrant une sortie,,100,1445.16,"1970",inconnue,7.6,0,Ayer,EP_Z_1,"1",précis,"0",unbekannt/inconnue,./0.png
7.60272139648631,46.178214370694,"112","305",borne hydrant une sortie,,100,1455.06,"1989",inconnue,6.4,0,Ayer,EP_Z_1,"1",précis,"0",unbekannt/inconnue,./0.png
7.60329476512097,46.1777856102091,"113","306",borne hydrant une sortie,,100,1456.69,"2002",inconnue,6.3,0,Ayer,EP_Z_1,"1",précis,"0",unbekannt/inconnue,./0.png
7.60329418235275,46.1783128270447,"114","309",borne hydrant une sortie,,100,0,"1989",inconnue,5,0,Ayer,EP_Z_1,"1",précis,"0",unbekannt/inconnue,./0.png
7.60336843033521,46.1789291131723,"115","310",borne hydrant une sortie,,100,1479.4,"1955",inconnue,4.6,0,Ayer,EP_Z_1,"1",précis,"0",unbekannt/inconnue,./0.png
7.60376909052715,46.1787758221065,"116","321",borne hydrant une sortie,,100,0,"1989",inconnue,3,0,Ayer,EP_Z_1,"1",précis,"0",unbekannt/inconnue,./0.png
7.60294676331932,46.1792985707299,"117","311",borne hydrant une sortie,,249.6,1477.8,"2012",inconnue,8,0,Ayer,EP_Z_1,"1",précis,"0",unbekannt/inconnue,./0.png
7.6034085463519,46.1794145831529,"118","319",borne hydrant une sortie,,72.2,0,"1989",inconnue,4,0,Ayer,EP_Z_1,"1",précis,"0",unbekannt/inconnue,./0.png
7.60225817191239,46.1798842125679,"119","312",borne hydrant une sortie,,388.7,1477.96,"1989",inconnue,4,0,Ayer,EP_Z_1,"1",précis,"0",unbekannt/inconnue,./0.png
7.60100809533452,46.1800533112444,"120","302",borne hydrant une sortie,,212.5,1449.87,"1989",inconnue,7,0,Ayer,EP_Z_1,"1",précis,"0",unbekannt/inconnue,./0.png
7.60332761431807,46.1803337175585,"121","315",borne hydrant une sortie,,44.2,1511.15,"1970",inconnue,8.9,0,Ayer,EP_Z_1,"1",précis,"0",unbekannt/inconnue,./0.png
7.60227478821852,46.1805154604784,"122","313",borne hydrant une sortie,,100,1490.09,"1989",inconnue,2.6,0,Ayer,EP_Z_1,"1",précis,"0",unbekannt/inconnue,./0.png
7.60145454855421,46.1814634778535,"123","314",borne hydrant une sortie,,356.9,1489.4,"1970",inconnue,10.6,0,Ayer,EP_Z_1,"1",précis,"0",unbekannt/inconnue,./0.png
7.60468775173328,46.1813850041147,"124","318",borne hydrant une sortie,,100,0,"1970",inconnue,2.9,0,Ayer,EP_Z_1,"1",précis,"0",unbekannt/inconnue,./0.png
7.6023946129892,46.1822388772467,"125","316",borne hydrant une sortie,,100,1534.42,"1970",inconnue,6.6,0,Ayer,EP_Z_1,"1",précis,"0",unbekannt/inconnue,./0.png
7.60171710032555,46.1829543961262,"126","317",borne hydrant une sortie,,100,1545.05,"1989",inconnue,5,0,Ayer,EP_Z_1,"1",précis,"0",unbekannt/inconnue,./0.png
7.5976164956999,46.1817613644519,"127","323",borne hydrant une sortie,,100,1383.35,"2002",inconnue,13.6,0,Ayer,EP_Z_1,"1",précis,"0",unbekannt/inconnue,./0.png
7.59781111469772,46.1824781216024,"128","324",borne hydrant une sortie,,100,1397.29,"1989",inconnue,12.2,0,Ayer,EP_Z_1,"1",précis,"0",unbekannt/inconnue,./0.png
7.59818688713848,46.183342934396,"129","301",borne hydrant une sortie,,100,1422.94,"1989",inconnue,13,0,Ayer,EP_Z_1,"1",précis,"0",unbekannt/inconnue,./0.png
7.5963194665298,46.1843156192952,"130","252",borne hydrant une sortie,,100,1380.69,"1970",inconnue,6.2,0,Ayer,EP_Z_1,"1",précis,"0",unbekannt/inconnue,./0.png
7.59495459539265,46.1864993162914,"131","265",borne hydrant une sortie,,100,1369.83,"1989",inconnue,7.5,0,Ayer,EP_Z_1,"1",précis,"0",unbekannt/inconnue,./0.png
7.59227401387472,46.188833499692,"132","264",borne hydrant une sortie,,100,1291.54,"1989",inconnue,8,0,Ayer,EP_Z_1,"1",précis,"0",unbekannt/inconnue,./0.png
7.59176760451705,46.1888605227412,"133","263",borne hydrant une sortie,,100,1277.72,"1989",inconnue,9.5,0,Ayer,EP_Z_1,"1",précis,"0",unbekannt/inconnue,./0.png
7.59409160523997,46.1899111725564,"134","254",borne hydrant une sortie,,100,1357.44,"1970",inconnue,9,0,Ayer,EP_Z_1,"1",précis,"0",unbekannt/inconnue,./0.png
7.59418452499156,46.1906593858648,"135","253",borne hydrant une sortie,,100,0,"1970",inconnue,8.5,0,Ayer,EP_Z_1,"1",précis,"0",unbekannt/inconnue,./0.png
7.5927681213848,46.1899124457611,"136","255",borne hydrant une sortie,,100,1312.48,"1989",inconnue,6.5,0,Ayer,EP_Z_1,"1",précis,"0",unbekannt/inconnue,./0.png
7.5927611592967,46.1904118907849,"137","256",borne hydrant une sortie,,100,1310.78,"2013",inconnue,6,0,Ayer,EP_Z_1,"1",précis,"0",unbekannt/inconnue,./0.png
7.59282687895622,46.1907471034892,"138","257",borne hydrant une sortie,,100,1309.35,"1989",inconnue,6.5,0,Ayer,EP_Z_1,"1",précis,"0",unbekannt/inconnue,./0.png
7.59978218212027,46.179750071549,"139","322",borne hydrant une sortie,,100,1415,"1989",inconnue,10.4,0,Ayer,EP_Z_1,"1",précis,"0",unbekannt/inconnue,./0.png
7.60168472676352,46.1792000537725,"140","303",borne hydrant une sortie,,100,1451.2,"2002",inconnue,7,0,Ayer,EP_Z_1,"1",précis,"0",unbekannt/inconnue,./0.png
7.62555923538146,46.1356741422464,"141","416",borne hydrant une sortie,,100,0,"1900",inconnue,11,0,Ayer,EP_Z_1,"1",précis,"0",unbekannt/inconnue,./0.png
7.6268316301804,46.1341836776235,"142","418",borne hydrant une sortie,,100,1675.51,"1900",inconnue,10.6,0,Zinal,EP_Z_8,"1",précis,"0",unbekannt/inconnue,./0.png
7.60207954320458,46.1788044534367,"143","304",borne hydrant une sortie,,100,1452.11,"1989",inconnue,6.8,0,Ayer,EP_Z_1,"1",précis,"0",unbekannt/inconnue,./0.png
7.60381259731079,46.1790659563121,"144","320",borne hydrant une sortie,,71.3,1491.24,"1989",inconnue,10.8,0,Ayer,EP_Z_1,"1",précis,"0",unbekannt/inconnue,./0.png
7.59200402196386,46.189762624019,"146","259",borne hydrant une sortie,,100,0,"1970",inconnue,7.5,0,Ayer,EP_Z_1,"1",précis,"0",unbekannt/inconnue,./0.png
7.59207025012344,46.190200572202,"147","261",borne hydrant une sortie,,100,0,"1970",inconnue,7,0,Ayer,EP_Z_1,"1",précis,"0",unbekannt/inconnue,./0.png
7.59229639987177,46.1905158979563,"148","260",borne hydrant une sortie,,100,0,"1989",inconnue,7,0,Ayer,EP_Z_1,"1",précis,"0",unbekannt/inconnue,./0.png
7.59268495079237,46.191753885523,"149","262",borne hydrant une sortie,,100,1309.53,"1989",inconnue,6.5,0,Ayer,EP_Z_1,"1",précis,"0",unbekannt/inconnue,./0.png
7.59175611778511,46.196141161831,"150","266",borne hydrant une sortie,,100,1324.92,"1970",inconnue,12,0,Ayer,EP_Z_1,"1",précis,"0",unbekannt/inconnue,./0.png
7.59114808833091,46.2044338200091,"151","207",borne hydrant une sortie,,268,1283.3,"1989",inconnue,10.2,0,Ayer,EP_Z_1,"1",précis,"0",unbekannt/inconnue,./0.png
7.59144129442281,46.206007872692,"152","206",borne hydrant une sortie,,100,1283.38,"1970",inconnue,10,0,Ayer,EP_Z_1,"1",précis,"0",unbekannt/inconnue,./0.png
7.59119778107321,46.2078919246665,"153","205",borne hydrant une sortie,,100,1289.23,"1970",inconnue,9.6,0,Ayer,EP_Z_1,"1",précis,"0",unbekannt/inconnue,./0.png
7.58966132958954,46.2085321256154,"155","203",borne hydrant une sortie,,100,1254.27,"2004",inconnue,12.6,0,Ayer,EP_Z_1,"1",précis,"0",unbekannt/inconnue,./0.png
7.58993540690181,46.2108129591354,"156","202",borne hydrant une sortie,,370.9,1258.9,"1930",inconnue,12.8,0,Ayer,EP_Z_1,"1",précis,"0",unbekannt/inconnue,./0.png
7.59217919799097,46.2288550036792,"157","548",borne hydrant une sortie,,100,0,"1930",inconnue,9,0,Saint-Luc,EP_Z_5,"1",inconnue,"1",unbekannt/inconnue,./0.png
7.5942864711873,46.2260718348522,"158","533",borne hydrant une sortie,,100,0,"1930",inconnue,5.8,0,Saint-Luc,EP_Z_5,"1",inconnue,"1",unbekannt/inconnue,./0.png
7.59517079765262,46.2237169849587,"159","531",borne hydrant une sortie,,100,0,"1930",inconnue,7.6,0,Saint-Luc,EP_Z_5,"1",inconnue,"1",unbekannt/inconnue,./0.png
7.59293460566252,46.2246920064576,"160","527",borne hydrant une sortie,,100,0,"1970",inconnue,9,0,Saint-Luc,EP_Z_5,"1",inconnue,"1",unbekannt/inconnue,./0.png
7.59331293764552,46.2234231033791,"161","528",borne hydrant une sortie,,100,0,"1970",inconnue,12,0,Saint-Luc,EP_Z_5,"1",inconnue,"1",unbekannt/inconnue,./0.png
7.59699429834851,46.2220749180587,"162","534",borne hydrant une sortie,,100,0,"1970",inconnue,9.9,0,Saint-Luc,EP_Z_5,"1",précis,"0",unbekannt/inconnue,./0.png
7.60056972649275,46.2211736001677,"163","535",borne hydrant une sortie,,14.8,0,"1930",inconnue,6,0,Saint-Luc,EP_Z_5,"1",précis,"0",unbekannt/inconnue,./0.png
7.59933544598958,46.2201437671145,"164","547",borne hydrant une sortie,,100,0,"1970",inconnue,5.6,0,Saint-Luc,EP_Z_5,"1",inconnue,"1",unbekannt/inconnue,./0.png
7.59299264786079,46.2205831581907,"165","503",borne hydrant une sortie,,100,0,"1970",inconnue,12.2,0,Saint-Luc,EP_Z_5,"1",inconnue,"1",unbekannt/inconnue,./0.png
7.59201812706378,46.2183763842317,"166","501",borne hydrant une sortie,,100,0,"1970",inconnue,9.1,0,Saint-Luc,EP_Z_5,"1",inconnue,"1",unbekannt/inconnue,./0.png
7.59146252968902,46.2195446407679,"167","502",borne hydrant une sortie,,100,0,"1900",inconnue,8.9,0,Saint-Luc,EP_Z_5,"1",inconnue,"1",unbekannt/inconnue,./0.png
7.59046593404021,46.2222096798783,"168","545",borne hydrant une sortie,,100,0,"1900",inconnue,4.4,0,Saint-Luc,EP_Z_5,"1",inconnue,"1",unbekannt/inconnue,./0.png
7.59140372536857,46.2238673236032,"169","525",borne hydrant une sortie,,100,0,"1970",inconnue,9.2,0,Saint-Luc,EP_Z_5,"1",inconnue,"1",unbekannt/inconnue,./0.png
7.59124007720478,46.2250094275844,"170","526",borne hydrant une sortie,,100,0,"1930",inconnue,8.2,0,Saint-Luc,EP_Z_5,"1",inconnue,"1",unbekannt/inconnue,./0.png
7.59523515437263,46.2221501043559,"171","529",borne hydrant une sortie,,100,0,"1900",inconnue,7.9,0,Saint-Luc,EP_Z_5,"1",inconnue,"1",unbekannt/inconnue,./0.png
7.60471990874922,46.2174074727106,"172","541",borne hydrant une sortie,,100,0,"1900",inconnue,9,0,Saint-Luc,EP_Z_5,"1",inconnue,"1",unbekannt/inconnue,./0.png
7.59455549961272,46.2192322796862,"173","504",borne hydrant une sortie,,100,0,"1970",inconnue,10.2,0,Saint-Luc,EP_Z_5,"1",inconnue,"1",unbekannt/inconnue,./0.png
7.59706027360369,46.2194372572736,"174","508",borne hydrant une sortie,,100,0,"1970",inconnue,7,0,Saint-Luc,EP_Z_5,"1",inconnue,"1",unbekannt/inconnue,./0.png
7.59576565153922,46.2198636208863,"175","507",borne hydrant une sortie,,100,0,"1900",inconnue,7.8,0,Saint-Luc,EP_Z_5,"1",inconnue,"1",unbekannt/inconnue,./0.png
7.5938997626116,46.2211814627012,"176","506",borne hydrant une sortie,,100,0,"1900",inconnue,9,0,Saint-Luc,EP_Z_5,"1",inconnue,"1",unbekannt/inconnue,./0.png
7.59304296066184,46.2221907039771,"177","505",borne hydrant une sortie,,100,0,"1970",inconnue,10,0,Saint-Luc,EP_Z_5,"1",inconnue,"1",unbekannt/inconnue,./0.png
7.59609613172295,46.2211451169609,"178","524",borne hydrant une sortie,,100,0,"1970",inconnue,9.4,0,Saint-Luc,EP_Z_5,"1",inconnue,"1",unbekannt/inconnue,./0.png
7.59626281852483,46.2204252555746,"179","523",borne hydrant une sortie,,100,0,"1930",inconnue,10.8,0,Saint-Luc,EP_Z_5,"1",inconnue,"1",unbekannt/inconnue,./0.png
7.59705760630637,46.2206333916134,"180","521",borne hydrant une sortie,,225.2,0,"1970",inconnue,9,0,Saint-Luc,EP_Z_5,"1",précis,"0",unbekannt/inconnue,./0.png
7.5973731048863,46.2201710340129,"181","520",borne hydrant une sortie,,100,0,"1970",inconnue,9.6,0,Saint-Luc,EP_Z_5,"1",inconnue,"1",unbekannt/inconnue,./0.png
7.59760509867436,46.2198331437797,"182","519",borne hydrant une sortie,,100,0,"1970",inconnue,8.9,0,Saint-Luc,EP_Z_5,"1",inconnue,"1",unbekannt/inconnue,./0.png
7.60064591335857,46.2182806134141,"183","509",borne hydrant une sortie,,100,0,"1970",inconnue,6.7,0,Saint-Luc,EP_Z_5,"1",inconnue,"1",unbekannt/inconnue,./0.png
7.60071299134101,46.2188610890272,"184","517",borne hydrant une sortie,,100,0,"1930",inconnue,9.2,0,Saint-Luc,EP_Z_5,"1",inconnue,"1",unbekannt/inconnue,./0.png
7.60223113707774,46.2178080733733,"185","510",borne hydrant une sortie,,100,0,"1970",inconnue,6.2,0,Saint-Luc,EP_Z_5,"1",inconnue,"1",unbekannt/inconnue,./0.png
7.60257962487409,46.2186634493949,"186","516",borne hydrant une sortie,,100,0,"1930",inconnue,9,0,Saint-Luc,EP_Z_5,"1",inconnue,"1",unbekannt/inconnue,./0.png
7.60332153548803,46.2182566664465,"187","515",borne hydrant une sortie,,100,0,"1900",inconnue,0,0,Saint-Luc,EP_Z_5,"1",inconnue,"1",unbekannt/inconnue,./0.png
7.60365637841135,46.2183152655673,"188","514",borne hydrant une sortie,,100,0,"1900",inconnue,8.4,0,Saint-Luc,EP_Z_5,"1",inconnue,"1",unbekannt/inconnue,./0.png
7.6043978380899,46.2188784555124,"189","511",borne hydrant une sortie,,100,0,"1970",inconnue,13.6,0,Saint-Luc,EP_Z_5,"1",inconnue,"1",unbekannt/inconnue,./0.png
7.6043986668076,46.2196844799003,"190","513",borne hydrant une sortie,,100,0,"1970",inconnue,10,0,Saint-Luc,EP_Z_5,"1",inconnue,"1",unbekannt/inconnue,./0.png
7.60202896894001,46.2196076772115,"191","512",borne hydrant une sortie,,155.3,0,"1900",inconnue,12.2,0,Saint-Luc,EP_Z_5,"1",précis,"0",unbekannt/inconnue,./0.png
7.5931654158623,46.2254190284168,"192","530",borne hydrant une sortie,,100,0,"1970",inconnue,5.9,0,Saint-Luc,EP_Z_5,"1",inconnue,"1",unbekannt/inconnue,./0.png
7.59170843310226,46.2504828467456,"193","627",borne hydrant une sortie,,100,0,"1970",inconnue,12,0,Chandolin,EP_Z_2,"1",inconnue,"1",unbekannt/inconnue,./0.png
7.58881806467132,46.21579057546,"194","113",borne hydrant une sortie,,219.2,50,"1970",inconnue,2.4,0,Vissoie,EP_Z_7,"1",inconnue,"1",unbekannt/inconnue,./0.png
7.6071853400539,46.2183285261656,"195","538",borne hydrant une sortie,,125.6,0,"1900",inconnue,7.8,0,Saint-Luc,EP_Z_5,"1",inconnue,"1",unbekannt/inconnue,./0.png
7.55215371967368,46.2732439738367,"196","003",borne hydrant une sortie,,100,0,"1989",inconnue,7,0,Niouc,EP_Z_4,"1",inconnue,"1",unbekannt/inconnue,./0.png
7.55115682790523,46.2727585353471,"197","002",borne hydrant une sortie,,100,0,"1900",inconnue,10.5,0,Niouc,EP_Z_4,"1",inconnue,"1",unbekannt/inconnue,./0.png
7.55072087245925,46.2734918721222,"198","001",borne hydrant une sortie,,5.1,0,"1970",inconnue,11,0,Niouc,EP_Z_4,"1",précis,"0",unbekannt/inconnue,./0.png
7.55135638587608,46.2713380985897,"199","004",borne hydrant une sortie,,11.4,0,"1970",inconnue,10,0,Niouc,EP_Z_4,"1",précis,"0",unbekannt/inconnue,./0.png
7.5517842080461,46.2709276543437,"200","005",borne hydrant une sortie,,150.6,0,"1970",inconnue,9,0,Niouc,EP_Z_4,"1",précis,"0",unbekannt/inconnue,./0.png
7.55134644640635,46.2702766521357,"201","006",borne hydrant une sortie,,170.1,0,"1989",inconnue,10,0,Niouc,EP_Z_4,"1",précis,"0",unbekannt/inconnue,./0.png
7.55201042604534,46.2698341248476,"202","008",borne hydrant une sortie,,100,0,"1970",inconnue,10,0,Niouc,EP_Z_4,"1",inconnue,"1",unbekannt/inconnue,./0.png
7.55257550321775,46.2701436439601,"203","007",borne hydrant une sortie,,100,0,"1989",inconnue,8.5,0,Niouc,EP_Z_4,"1",inconnue,"1",unbekannt/inconnue,./0.png
7.57327316650153,46.1745128538912,"204","937",borne hydrant une sortie,,100,0,"1970",inconnue,10,0,Grimentz,EP_Z_3,"1",inconnue,"1",unbekannt/inconnue,./0.png
7.57443451018997,46.1819975948667,"205","943",borne hydrant une sortie,,100,0,"1989",inconnue,14.2,0,Grimentz,EP_Z_3,"1",inconnue,"1",unbekannt/inconnue,./0.png
7.57594855723326,46.1831365989298,"206","942",borne hydrant une sortie,,100,0,"1970",inconnue,17,0,Grimentz,EP_Z_3,"1",inconnue,"1",unbekannt/inconnue,./0.png
7.57683782901917,46.1820590620877,"207","923",borne hydrant une sortie,,100,0,"1900",inconnue,7.8,0,Grimentz,EP_Z_3,"1",inconnue,"1",unbekannt/inconnue,./0.png
7.5774836131253,46.1826438320236,"208","922",borne hydrant une sortie,,100,0,"1900",inconnue,7.8,0,Grimentz,EP_Z_3,"1",inconnue,"1",unbekannt/inconnue,./0.png
7.57950217811061,46.1857250167526,"209","920",borne hydrant une sortie,,100,0,"1989",inconnue,6.8,0,Grimentz,EP_Z_3,"1",inconnue,"1",unbekannt/inconnue,./0.png
7.58121181330593,46.1897664893806,"210","902",bouche arrosage,,100,0,"1970",inconnue,14.8,0,Grimentz,EP_Z_3,"10",inconnue,"1",unbekannt/inconnue,./0.png
7.57535493741979,46.1859261769999,"211","938",borne hydrant une sortie,,100,0,"1970",inconnue,3,0,Grimentz,EP_Z_3,"1",inconnue,"1",unbekannt/inconnue,./0.png
7.57748524107649,46.1860939848544,"212","939",borne hydrant une sortie,,100,0,"1970",inconnue,10,0,Grimentz,EP_Z_3,"1",précis,"0",unbekannt/inconnue,./0.png
7.57513610555316,46.1832252184591,"213","941",borne hydrant une sortie,,100,0,"1970",inconnue,11.5,0,Grimentz,EP_Z_3,"1",inconnue,"1",unbekannt/inconnue,./0.png
7.573213138649,46.1810283672724,"214","945",borne hydrant une sortie,,100,0,"1970",inconnue,14,0,Grimentz,EP_Z_3,"1",inconnue,"1",unbekannt/inconnue,./0.png
7.5759098668326,46.175148167017,"215","918",borne hydrant une sortie,,100,0,"1900",inconnue,0,0,Grimentz,EP_Z_3,"1",inconnue,"1",unbekannt/inconnue,./0.png
7.57734992989509,46.1803621954288,"216","905",borne hydrant une sortie,,100,0,"1900",inconnue,0,0,Grimentz,EP_Z_3,"1",inconnue,"1",unbekannt/inconnue,./0.png
7.57674158061526,46.1808070285495,"217","906",borne hydrant une sortie,,100,0,"1930",inconnue,8.2,0,Grimentz,EP_Z_3,"1",inconnue,"1",unbekannt/inconnue,./0.png
7.57596617305914,46.1801623939778,"218","907",borne hydrant une sortie,,100,0,"1900",inconnue,7.4,0,Grimentz,EP_Z_3,"1",inconnue,"1",unbekannt/inconnue,./0.png
7.57585844481005,46.1795288848816,"219","908",borne hydrant une sortie,,100,0,"1970",inconnue,7.2,0,Grimentz,EP_Z_3,"1",inconnue,"1",unbekannt/inconnue,./0.png
7.57530935225448,46.1793535811883,"220","909",borne hydrant une sortie,,100,0,"1989",inconnue,6.2,0,Grimentz,EP_Z_3,"1",inconnue,"1",unbekannt/inconnue,./0.png
7.57483973500851,46.178957776746,"221","913",borne hydrant une sortie,,100,0,"1970",inconnue,7.5,0,Grimentz,EP_Z_3,"1",inconnue,"1",unbekannt/inconnue,./0.png
7.57524909071302,46.1788829289985,"223","912",borne hydrant une sortie,,100,0,"1970",inconnue,7,0,Grimentz,EP_Z_3,"1",inconnue,"1",unbekannt/inconnue,./0.png
7.57553105647762,46.1785890753018,"224","911",borne hydrant une sortie,,100,0,"1989",inconnue,7.5,0,Grimentz,EP_Z_3,"1",inconnue,"1",unbekannt/inconnue,./0.png
7.57459794332072,46.178392044906,"225","914",borne hydrant une sortie,,100,0,"1970",inconnue,7,0,Grimentz,EP_Z_3,"1",inconnue,"1",unbekannt/inconnue,./0.png
7.57450786391767,46.1777948794028,"226","915",borne hydrant une sortie,,230,0,"1970",inconnue,7,0,Grimentz,EP_Z_3,"1",précis,"0",unbekannt/inconnue,./0.png
7.58181595538966,46.1855309570594,"227","904",bouche arrosage,,100,0,"1970",inconnue,10.4,0,Grimentz,EP_Z_3,"10",inconnue,"1",unbekannt/inconnue,./0.png
7.58255542871165,46.1869215331985,"228","903",bouche arrosage,,100,0,"1970",inconnue,10.2,0,Grimentz,EP_Z_3,"10",inconnue,"1",unbekannt/inconnue,./0.png
7.57041184466599,46.1726601676806,"229","933",borne hydrant une sortie,,100,0,"1970",inconnue,13,0,Grimentz,EP_Z_3,"1",inconnue,"1",unbekannt/inconnue,./0.png
7.57213822828248,46.175437811184,"230","932",borne hydrant une sortie,,100,0,"2008",inconnue,0,0,Grimentz,EP_Z_3,"1",inconnue,"1",unbekannt/inconnue,./0.png
7.57412721946996,46.1765654405311,"231","934",borne hydrant une sortie,,100,0,"1930",inconnue,12.4,0,Grimentz,EP_Z_3,"1",inconnue,"1",unbekannt/inconnue,./0.png
7.57467145993133,46.1796378525612,"232","926",borne hydrant une sortie,,100,0,"1970",inconnue,10.4,0,Grimentz,EP_Z_3,"1",inconnue,"1",unbekannt/inconnue,./0.png
7.57553454530297,46.1813657320989,"233","925",borne hydrant une sortie,,100,0,"1970",inconnue,12.8,0,Grimentz,EP_Z_3,"1",inconnue,"1",unbekannt/inconnue,./0.png
7.57675551779455,46.1779958742621,"234","917",borne hydrant une sortie,,100,0,"1970",inconnue,10,0,Grimentz,EP_Z_3,"1",inconnue,"1",unbekannt/inconnue,./0.png
7.57959455975184,46.186705426921,"235","919",borne hydrant une sortie,,100,0,"1970",inconnue,7.6,0,Grimentz,EP_Z_3,"1",inconnue,"1",unbekannt/inconnue,./0.png
7.57644672801431,46.1845659493363,"236","940",borne hydrant une sortie,,100,0,"1970",inconnue,10.6,0,Grimentz,EP_Z_3,"1",inconnue,"1",unbekannt/inconnue,./0.png
7.56629221213564,46.1783791534687,"237","946",borne hydrant une sortie,,100,0,"1989",inconnue,10.2,0,Grimentz,EP_Z_3,"1",inconnue,"1",unbekannt/inconnue,./0.png
7.57920155275397,46.1846606716915,"238","921",borne hydrant une sortie,,100,0,"1970",inconnue,7.8,0,Grimentz,EP_Z_3,"1",inconnue,"1",unbekannt/inconnue,./0.png
7.57730761715823,46.1831436571891,"239","924",borne hydrant une sortie,,100,0,"1989",inconnue,12.8,0,Grimentz,EP_Z_3,"1",inconnue,"1",unbekannt/inconnue,./0.png
7.57279651841496,46.1771636185704,"240","931",borne hydrant une sortie,,100,0,"1970",inconnue,11,0,Grimentz,EP_Z_3,"1",inconnue,"1",unbekannt/inconnue,./0.png
7.5735854988438,46.1800592062119,"241","927",borne hydrant une sortie,,100,0,"1970",inconnue,10,0,Grimentz,EP_Z_3,"1",inconnue,"1",unbekannt/inconnue,./0.png
7.57314194055661,46.1790676836946,"242","928",borne hydrant une sortie,,100,0,"1970",inconnue,8,0,Grimentz,EP_Z_3,"1",inconnue,"1",unbekannt/inconnue,./0.png
7.57229248247087,46.1785635282574,"243","929",borne hydrant une sortie,,100,0,"1970",inconnue,8.2,0,Grimentz,EP_Z_3,"1",inconnue,"1",unbekannt/inconnue,./0.png
7.57144154950803,46.178112077004,"244","930",borne hydrant une sortie,,100,0,"1970",inconnue,8.2,0,Grimentz,EP_Z_3,"1",inconnue,"1",unbekannt/inconnue,./0.png
7.57314079577638,46.1753148878534,"245","935",borne hydrant une sortie,,100,0,"1930",inconnue,12.4,0,Grimentz,EP_Z_3,"1",inconnue,"1",unbekannt/inconnue,./0.png
7.57262650009221,46.1745006195186,"246","936",borne hydrant une sortie,,100,0,"1970",inconnue,10,0,Grimentz,EP_Z_3,"1",inconnue,"1",unbekannt/inconnue,./0.png
7.58156998243762,46.183406258029,"247","901",borne hydrant une sortie,,100,0,"1989",inconnue,10.2,0,Grimentz,EP_Z_3,"1",inconnue,"1",unbekannt/inconnue,./0.png
7.57200389932219,46.1793746004108,"248","944",borne hydrant une sortie,,100,0,"1970",inconnue,13,0,Grimentz,EP_Z_3,"1",inconnue,"1",unbekannt/inconnue,./0.png
7.57875932494577,46.1881091159036,"249","952",borne hydrant une sortie,,100,0,"1900",inconnue,4.8,0,Grimentz,EP_Z_3,"1",précis,"0",unbekannt/inconnue,./0.png
7.57851713748893,46.1853747720949,"250","951",borne hydrant une sortie,,100,0,"1989",inconnue,5,0,Grimentz,EP_Z_3,"1",précis,"0",unbekannt/inconnue,./0.png
7.56951593704198,46.176501883032,"251","948",borne hydrant une sortie,,100,0,"1900",inconnue,0,0,Grimentz,EP_Z_3,"1",précis,"0",unbekannt/inconnue,./0.png
7.56984068456737,46.1763360078473,"252","949",borne hydrant une sortie,,100,0,"1989",inconnue,10,0,Grimentz,EP_Z_3,"1",précis,"0",unbekannt/inconnue,./0.png
7.56990262305555,46.1742753266819,"253","950",borne hydrant une sortie,,100,0,"2008",inconnue,9.8,0,Grimentz,EP_Z_3,"1",précis,"0",unbekannt/inconnue,./0.png
7.57697575121647,46.2409344394488,"254","77",borne hydrant une sortie,,100,0,"1970",inconnue,6.5,0,Chandolin,EP_Z_2,"1",précis,"0",unbekannt/inconnue,./0.png
7.57437679424087,46.2417933320705,"255","79",borne hydrant une sortie,,100,0,"1900",inconnue,0,0,Chandolin,EP_Z_2,"1",précis,"0",unbekannt/inconnue,./0.png
7.5747747276597,46.2425613161006,"256"," 73",borne hydrant une sortie,,100,0,"1970",inconnue,6.5,0,Chandolin,EP_Z_2,"1",précis,"0",unbekannt/inconnue,./0.png
7.57504215214161,46.260743004605,"257",,borne hydrant une sortie,,100,0,"1900",inconnue,0,0,Chandolin,EP_Z_2,"1",précis,"0",unbekannt/inconnue,./0.png
7.57632804600552,46.2599822255532,"258","052",borne hydrant une sortie,,100,0,"1970",inconnue,5,0,Chandolin,EP_Z_2,"1",précis,"0",unbekannt/inconnue,./0.png
7.55036907511013,46.2742627733893,"259","014",borne hydrant une sortie,,100,0,"2004",inconnue,12.5,0,Niouc,EP_Z_4,"1",précis,"0",unbekannt/inconnue,./0.png
7.58916275491326,46.2512944382553,"260","625",borne hydrant une sortie,,100,0,"1989",inconnue,11.4,0,Chandolin,EP_Z_2,"1",précis,"0",unbekannt/inconnue,./0.png
7.5923224348517,46.1867809809456,"261","258",borne hydrant une sortie,,300.8,1284.37,"1970",inconnue,9,0,Ayer,EP_Z_1,"1",précis,"0",unbekannt/inconnue,./0.png
7.59068933597362,46.2087897919966,"262","204",borne hydrant une sortie,,100,0,"2002",inconnue,10.2,0,Ayer,EP_Z_1,"1",précis,"0",unbekannt/inconnue,./0.png
7.58576338807071,46.2004513348623,"263","801",borne hydrant une sortie,,100,0,"1970",inconnue,12,0,St-Jean,EP_Z_6,"1",précis,"0",unbekannt/inconnue,./0.png
7.58171957385366,46.2051655429172,"264","762",borne hydrant une sortie,,100,0,"1970",inconnue,11,0,St-Jean,EP_Z_6,"1",précis,"0",unbekannt/inconnue,./0.png
7.58577581759391,46.2095120320425,"265",,borne hydrant une sortie,,100,0,"1900",inconnue,0,0,St-Jean,EP_Z_6,"1",précis,"0",unbekannt/inconnue,./0.png
7.58313172295754,46.2087644354792,"266","759",borne hydrant une sortie,,100,0,"1970",inconnue,6.6,0,St-Jean,EP_Z_6,"1",précis,"0",unbekannt/inconnue,./0.png
7.58134780380251,46.2105947850724,"267","757",borne hydrant une sortie,,100,0,"2004",inconnue,5,0,St-Jean,EP_Z_6,"1",précis,"0",unbekannt/inconnue,./0.png
7.58194381801248,46.2105991357068,"268","756",borne hydrant une sortie,,100,0,"1930",inconnue,6.6,0,St-Jean,EP_Z_6,"1",précis,"0",unbekannt/inconnue,./0.png
7.582009573625,46.2100977996969,"269","758",borne hydrant une sortie,,100,0,"2004",inconnue,6,0,St-Jean,EP_Z_6,"1",précis,"0",unbekannt/inconnue,./0.png
7.56993641289568,46.2215468941329,"270","704",borne hydrant une sortie,,100,0,"1970",inconnue,7,0,St-Jean,EP_Z_6,"1",précis,"0",unbekannt/inconnue,./0.png
7.58895002709904,46.2178812679824,"271","114",borne hydrant une sortie,,100,0,"1900",inconnue,0,0,Vissoie,EP_Z_7,"1",inconnue,"1",unbekannt/inconnue,./0.png
7.58810968697499,46.2180441094674,"272","126",borne hydrant une sortie,,254.5,0,"2002",inconnue,12.4,0,Vissoie,EP_Z_7,"1",inconnue,"1",unbekannt/inconnue,./0.png
7.58303596105472,46.2098735841157,"273","761",borne hydrant une sortie,,100,0,"1989",inconnue,7,0,St-Jean,EP_Z_6,"1",inconnue,"1",unbekannt/inconnue,./0.png
7.58602544468817,46.2104198024265,"274","101",borne hydrant une sortie,,100,0,"1970",inconnue,6.8,0,Ayer,EP_Z_1,"1",inconnue,"1",unbekannt/inconnue,./0.png
7.58275846284017,46.2105738618898,"275","760",borne hydrant une sortie,,100,0,"2004",inconnue,6.6,0,St-Jean,EP_Z_6,"1",inconnue,"1",unbekannt/inconnue,./0.png
7.57992215636227,46.210887733578,"276","755",borne hydrant une sortie,,100,0,"1970",inconnue,4,0,St-Jean,EP_Z_6,"1",inconnue,"1",unbekannt/inconnue,./0.png
7.58085523611477,46.2114480093284,"277","754",borne hydrant une sortie,,100,0,"1930",inconnue,6.6,0,St-Jean,EP_Z_6,"1",inconnue,"1",unbekannt/inconnue,./0.png
7.57828260530884,46.2126841432167,"278","752",borne hydrant une sortie,,100,0,"1970",inconnue,16,0,St-Jean,EP_Z_6,"1",inconnue,"1",unbekannt/inconnue,./0.png
7.57960439600472,46.2126873642934,"279","753",borne hydrant une sortie,,100,0,"1970",inconnue,7,0,St-Jean,EP_Z_6,"1",inconnue,"1",unbekannt/inconnue,./0.png
7.57521875302645,46.2153235070521,"280","751",borne hydrant une sortie,,100,0,"1970",inconnue,10,0,St-Jean,EP_Z_6,"1",inconnue,"1",unbekannt/inconnue,./0.png
7.57387397546373,46.2441814753334,"281","72",borne hydrant une sortie,,100,0,"1970",inconnue,5,0,Chandolin,EP_Z_2,"1",inconnue,"1",unbekannt/inconnue,./0.png
7.57542447545198,46.2416957503434,"282"," 75",borne hydrant une sortie,,100,0,"1989",inconnue,10.5,0,Chandolin,EP_Z_2,"1",inconnue,"1",unbekannt/inconnue,./0.png
7.57630836737249,46.2411309061316,"283","76",borne hydrant une sortie,,100,0,"1989",inconnue,7,0,Chandolin,EP_Z_2,"1",inconnue,"1",unbekannt/inconnue,./0.png
7.57592445486674,46.2605092479174,"284","051",borne hydrant une sortie,,100,0,"1970",inconnue,5,0,Chandolin,EP_Z_2,"1",inconnue,"1",unbekannt/inconnue,./0.png
7.59111133420263,46.2080644055146,"285",,borne hydrant une sortie,,100,0,"1900",inconnue,0,0,Ayer,EP_Z_1,"1",précis,"0",unbekannt/inconnue,./0.png
7.60199670922648,46.2206008483352,"286",,borne hydrant une sortie,,100,0,"1900",inconnue,0,0,Saint-Luc,EP_Z_5,"1",précis,"0",unbekannt/inconnue,./0.png
7.57441078500154,46.2422157256354,"287"," 74",borne hydrant une sortie,,100,0,"1970",inconnue,8,0,Chandolin,EP_Z_2,"1",précis,"0",unbekannt/inconnue,./0.png
7.59136823169145,46.2511328170613,"288","624",borne hydrant une sortie,,100,0,"1900",inconnue,0,0,Chandolin,EP_Z_2,"1",inconnue,"1",unbekannt/inconnue,./0.png
7.59692697795915,46.2523100469105,"289",,borne hydrant une sortie,,100,0,"1900",inconnue,0,0,Chandolin,EP_Z_2,"1",inconnue,"1",unbekannt/inconnue,./0.png
7.57169400401233,46.254124203122,"290","078",borne hydrant une sortie,,100,0,"1989",inconnue,7,0,Chandolin,EP_Z_2,"1",inconnue,"1",unbekannt/inconnue,./0.png
7.58568214999473,46.2175718395423,"292",,borne hydrant une sortie,,100,0,"1900",inconnue,0,0,Vissoie,EP_Z_7,"1",précis,"0",unbekannt/inconnue,./0.png
7.5563602126298,46.2755506647,"293","013",borne hydrant une sortie,,100,0,"2001",inconnue,0,0,Niouc,EP_Z_4,"1",imprécis,"2",unbekannt/inconnue,./0.png
7.55674763561977,46.2687135909616,"294","009",borne hydrant une sortie,,100,0,"2001",inconnue,2.2,0,Niouc,EP_Z_4,"1",inconnue,"1",unbekannt/inconnue,./0.png
7.58698400765607,46.2496974389861,"295","627",borne hydrant une sortie,,100,0,"1989",inconnue,13.5,0,Chandolin,EP_Z_2,"1",inconnue,"1",unbekannt/inconnue,./0.png
7.55218447455,46.2762925420542,"296","015",borne hydrant une sortie,,100,0,"1989",inconnue,12.5,0,Niouc,EP_Z_4,"1",imprécis,"2",unbekannt/inconnue,./0.png
7.55745481264944,46.2658342570326,"297","010",borne hydrant une sortie,,100,0,"1900",inconnue,5.5,0,Niouc,EP_Z_4,"1",inconnue,"1",unbekannt/inconnue,./0.png
7.55688181795996,46.2647733699321,"298","011",borne hydrant une sortie,,100,0,"1900",inconnue,0,0,Niouc,EP_Z_4,"1",inconnue,"1",unbekannt/inconnue,./0.png
7.55785015216644,46.2686944515481,"299","012",borne hydrant une sortie,,100,0,"1900",inconnue,0,0,Niouc,EP_Z_4,"1",inconnue,"1",unbekannt/inconnue,./0.png
7.56979472327632,46.2462102638394,"300","071",borne hydrant une sortie,,100,0,"1989",inconnue,7,0,Chandolin,EP_Z_2,"1",inconnue,"1",unbekannt/inconnue,./0.png
7.58336926939976,46.2471888673081,"301","628",borne hydrant une sortie,,100,0,"1989",inconnue,14.5,0,Chandolin,EP_Z_2,"1",inconnue,"1",unbekannt/inconnue,./0.png
7.58802060704381,46.2494262133781,"302","626",borne hydrant une sortie,,100,0,"1989",inconnue,14,0,Chandolin,EP_Z_2,"1",inconnue,"1",unbekannt/inconnue,./0.png
7.59985184790242,46.2513351155756,"303",,borne hydrant une sortie,,100,0,"1900",inconnue,0,0,Chandolin,EP_Z_2,"1",inconnue,"1",unbekannt/inconnue,./0.png
7.57230340500438,46.2219854029844,"304","701",borne hydrant une sortie,,100,0,"1970",inconnue,8,0,St-Jean,EP_Z_6,"1",inconnue,"1",unbekannt/inconnue,./0.png
7.5715362672764,46.2214680107843,"305","702",borne hydrant une sortie,,100,0,"1930",inconnue,9,0,St-Jean,EP_Z_6,"1",inconnue,"1",unbekannt/inconnue,./0.png
7.57047120859354,46.2210525433572,"306","703",borne hydrant une sortie,,100,0,"1970",inconnue,7,0,St-Jean,EP_Z_6,"1",inconnue,"1",unbekannt/inconnue,./0.png
7.57021111901369,46.2204759886246,"307","705",borne hydrant une sortie,,100,0,"1970",inconnue,7.6,0,St-Jean,EP_Z_6,"1",inconnue,"1",unbekannt/inconnue,./0.png
7.59804461908478,46.2200886736785,"308","540",borne hydrant une sortie,,100,0,"1970",inconnue,9,0,Saint-Luc,EP_Z_5,"1",inconnue,"1",unbekannt/inconnue,./0.png
7.6003849535777,46.2195972851636,"309","539",borne hydrant une sortie,,100,0,"1900",inconnue,12.1,0,Saint-Luc,EP_Z_5,"1",inconnue,"1",unbekannt/inconnue,./0.png
7.61183550310329,46.2180151249778,"310","537",borne hydrant une sortie,,197.2,0,"2014",inconnue,16,0,Saint-Luc,EP_Z_5,"1",inconnue,"1",unbekannt/inconnue,./0.png
7.60694156041089,46.2249766617566,"311","544",borne hydrant une sortie,,100,0,"1900",inconnue,0,0,Saint-Luc,EP_Z_5,"1",inconnue,"1",unbekannt/inconnue,./0.png
7.60364130229085,46.2265557365688,"312","543",borne hydrant une sortie,,100,0,"1900",inconnue,0,0,Saint-Luc,EP_Z_5,"1",inconnue,"1",unbekannt/inconnue,./0.png
7.60157153089319,46.2279080663917,"313","542",borne hydrant une sortie,,100,0,"1900",inconnue,0,0,Saint-Luc,EP_Z_5,"1",inconnue,"1",unbekannt/inconnue,./0.png
7.58662350527616,46.1978624571151,"314","802",borne hydrant une sortie,,100,0,"1989",inconnue,7,0,St-Jean,EP_Z_6,"1",inconnue,"1",unbekannt/inconnue,./0.png
7.58657562701874,46.1945548789737,"315","805",borne hydrant une sortie,,100,0,"1989",inconnue,12,0,St-Jean,EP_Z_6,"1",inconnue,"1",unbekannt/inconnue,./0.png
7.60353135379392,46.1821512778761,"316","327",borne hydrant une sortie,,100,0,"2014",inconnue,0,0,Ayer,EP_Z_1,"1",précis,"0",unbekannt/inconnue,./0.png
7.60414270763025,46.1780686916129,"317","326",borne hydrant une sortie,,100,0,"2004",inconnue,2.8,0,Ayer,EP_Z_1,"1",inconnue,"1",unbekannt/inconnue,./0.png
7.57651177683313,46.1795448961105,"319","953",borne hydrant une sortie,,100,0,"1989",inconnue,9,0,Grimentz,EP_Z_3,"1",inconnue,"1",unbekannt/inconnue,./0.png
7.5755694460221,46.1775704498793,"320","916",borne hydrant une sortie,,100,0,"1930",inconnue,8,0,Grimentz,EP_Z_3,"1",inconnue,"1",unbekannt/inconnue,./0.png
7.56875820795538,46.1764600085027,"322","947",borne hydrant une sortie,,100,0,"1989",inconnue,7,0,Grimentz,EP_Z_3,"1",imprécis,"2",unbekannt/inconnue,./0.png
7.61076830442612,46.2179814206317,"323",,bouche arrosage,,221.9,0,"1900",inconnue,0,0,Saint-Luc,EP_Z_5,"10",inconnue,"1",unbekannt/inconnue,./0.png
7.5810854197569,46.2103221875498,"324",,borne hydrant une sortie,,100,0,"1900",inconnue,0,0,St-Jean,EP_Z_6,"1",imprécis,"2",unbekannt/inconnue,./0.png
7.5855872015647,46.1979115201686,"325","810",borne hydrant une sortie,,100,0,"1900",inconnue,0,0,St-Jean,EP_Z_6,"1",imprécis,"2",unbekannt/inconnue,./0.png
7.60632653615678,46.2195230323853,"326","546",borne hydrant une sortie,,100,0,"1900",inconnue,0,0,Saint-Luc,EP_Z_5,"1",imprécis,"2",unbekannt/inconnue,./0.png
7.63268085582103,46.1362157816452,"327","428",borne hydrant une sortie,,100,0,"2010",inconnue,7.2,0,Zinal,EP_Z_8,"1",imprécis,"2",unbekannt/inconnue,./0.png
7.5811620771184,46.2110661735095,"328",,bouche arrosage,,100,0,"1900",inconnue,0,0,St-Jean,EP_Z_6,"10",inconnue,"1",unbekannt/inconnue,./0.png
7.57077094260826,46.2199448950369,"329",,bouche arrosage,,100,0,"1900",inconnue,0,0,St-Jean,EP_Z_6,"10",imprécis,"2",unbekannt/inconnue,./0.png
7.56937858449781,46.2201321247898,"330",,bouche arrosage,,100,0,"1900",inconnue,0,0,St-Jean,EP_Z_6,"10",inconnue,"1",unbekannt/inconnue,./0.png
7.56948049238254,46.2201758384218,"331",,bouche arrosage,,100,0,"1900",inconnue,0,0,St-Jean,EP_Z_6,"10",inconnue,"1",unbekannt/inconnue,./0.png
7.56980597075818,46.2204348029954,"332",,bouche arrosage,,124.2,0,"1900",inconnue,0,0,St-Jean,EP_Z_6,"10",inconnue,"1",unbekannt/inconnue,./0.png
7.57021163218187,46.2223302607466,"333",,bouche arrosage,,100,0,"1900",inconnue,0,0,St-Jean,EP_Z_6,"10",inconnue,"1",unbekannt/inconnue,./0.png
7.57058964774322,46.222083080973,"334",,bouche arrosage,,100,0,"1900",inconnue,0,0,St-Jean,EP_Z_6,"10",inconnue,"1",unbekannt/inconnue,./0.png
7.57033614311947,46.2219312932648,"335",,bouche arrosage,,100,0,"1900",inconnue,0,0,St-Jean,EP_Z_6,"10",inconnue,"1",unbekannt/inconnue,./0.png
7.60232796299097,46.2208004429211,"336","518",borne hydrant une sortie,,100,0,"1900",inconnue,0,0,Saint-Luc,EP_Z_5,"1",imprécis,"2",unbekannt/inconnue,./0.png
7.59227851197238,46.2077531240327,"337","208",borne hydrant une sortie,,100,0,"1900",inconnue,0,0,Ayer,EP_Z_1,"1",inconnue,"1",unbekannt/inconnue,./0.png
7.57569948765869,46.1790923942257,"338","910",borne hydrant une sortie,,0,,,,,,Grimentz,EP_Z_3,"1",inconnue,"1",,./0.png
7.59286124843908,46.2265615538258,"339","532",borne hydrant une sortie,,0,,"2016",inconnue,,,Saint-Luc,EP_Z_5,"1",inconnue,"1",,./0.png
7.58158956850263,46.211774768006,"340","763",borne hydrant une sortie,,0,,"2016",inconnue,,,St-Jean,EP_Z_6,"1",inconnue,"1",,./0.png
7.55458812701469,46.2688328286954,"341","16",borne hydrant une sortie,,0,,"1900",inconnue,,,Niouc,EP_Z_4,"1",imprécis,"2",,./0.png
7.58041477137648,46.1837990371042,"377",,borne hydrant une sortie,,0,,"1900",inconnue,,,Grimentz,EP_Z_3,"1",imprécis,"2",,./0.png
